"id","name","swings_competitive","percent_swings_competitive","contact","avg_bat_speed","hard_swing_rate","squared_up_per_bat_contact","squared_up_per_swing","blast_per_bat_contact","blast_per_swing","swing_length","swords","batter_run_value","whiffs","whiff_per_swing","batted_ball_events","batted_ball_event_per_swing"
519317,"Stanton, Giancarlo","818","0.91294642857142857143","558",81.29370453545232,"0.98655256723716381418",0.3046594982078853,0.2078239608801956,0.27598566308243727,0.1882640586797066,"8.5842637775061125","15",4.840031827957618,"260",0.31784841075794623,"297",0.363080684596577
665833,"Cruz, Oneil","876","0.91250000000000000000","590",78.56422159817352,"0.75570776255707762557",0.34067796610169493,0.22945205479452055,0.2457627118644068,0.16552511415525115,"7.6641861415525114","9",-15.425639015748189,"286",0.3264840182648402,"304",0.3470319634703196
656941,"Schwarber, Kyle","994","0.90445859872611464968","712",77.53945150905437,"0.77967806841046277666",0.3202247191011236,0.22937625754527163,0.22893258426966293,0.16398390342052313,"7.7041915392354125","38",-1.6490405625505689,"282",0.2837022132796781,"354",0.3561368209255533
592450,"Judge, Aaron","1128","0.90748189863234111022","793",77.16582726950365,"0.75088652482269503546",0.33669609079445145,0.23670212765957446,0.25598991172761665,0.1799645390070922,"8.1808555851063830","16",47.47202428657956,"335",0.2969858156028369,"375",0.3324468085106383
666176,"Adell, Jo","797","0.90465380249716231555","578",76.67403304893354,"0.65872020075282308657",0.2508650519031142,0.18193224592220827,0.1522491349480969,0.11041405269761606,"7.5550061480552070","20",-13.917371250405239,"219",0.27478042659974905,"262",0.328732747804266
656305,"Chapman, Matt","990","0.90493601462522851920","757",76.5996405959595,"0.64141414141414141414",0.2813738441215324,0.21515151515151515,0.18494055482166447,0.1414141414141414,"7.4511061212121212","21",-6.083159384976391,"233",0.23535353535353534,"348",0.3515151515151515
670541,"Alvarez, Yordan","929","0.91437007874015748031","755",76.55361602798713,"0.63186221743810548977",0.3403973509933775,0.2766415500538213,0.223841059602649,0.18191603875134554,"7.5818742518837460","1",16.70237476528252,"174",0.18729817007534985,"412",0.4434876210979548
660271,"Ohtani, Shohei","1253","0.90338860850757029560","882",76.32425588986429,"0.64086193136472466081",0.373015873015873,0.26256983240223464,0.2528344671201814,0.1779728651237031,"7.7554228810853951","10",34.068969060182795,"371",0.29608938547486036,"455",0.36312849162011174
677594,"Rodríguez, Julio","1093","0.90555095277547638774","768",76.25833207685271,"0.63403476669716376944",0.2955729166666667,0.20768526989935956,0.20572916666666666,0.1445562671546203,"7.8990784537968893","30",-10.523432746781046,"325",0.29734675205855443,"359",0.3284537968892955
683002,"Henderson, Gunnar","1128","0.90384615384615384615","881",76.25774426418438,"0.64007092198581560284",0.32122587968217936,0.250886524822695,0.22587968217934165,0.17641843971631205,"7.2323076152482270","20",-5.7518192747260155,"247",0.21897163120567376,"434",0.38475177304964536
666624,"Morel, Christopher","956","0.90530303030303030303","636",76.08846125523013,"0.64748953974895397490",0.3018867924528302,0.200836820083682,0.1761006289308176,0.11715481171548117,"8.0165528242677824","24",-32.73272408892127,"320",0.33472803347280333,"333",0.348326359832636
665489,"Guerrero Jr., Vladimir","1050","0.90987868284228769497","843",75.87663773333351,"0.57428571428571428571",0.34519572953736655,0.27714285714285714,0.24199288256227758,0.19428571428571428,"7.7384668095238095","9",23.941614862407153,"207",0.19714285714285715,"445",0.4238095238095238
665742,"Soto, Juan","1011","0.90348525469168900804","820",75.52879842729963,"0.60336300692383778437",0.3951219512195122,0.32047477744807124,0.25853658536585367,0.20969337289812068,"7.2787591394658754","30",16.40260038729417,"191",0.18892185954500496,"446",0.4411473788328388
624585,"Soler, Jorge","893","0.90844354018311291963","652",75.42880636058229,"0.56998880179171332587",0.29754601226993865,0.21724524076147816,0.1579754601226994,0.11534154535274356,"7.9320459014557671","12",-12.051141768911682,"241",0.2698768197088466,"320",0.3583426651735722
592518,"Machado, Manny","1094","0.90338563170933113130","858",75.28107109689215,"0.53564899451553930530",0.31585081585081587,0.2477148080438757,0.20745920745920746,0.16270566727605118,"7.7843481992687386","25",2.2688835762993684,"236",0.21572212065813529,"437",0.39945155393053017
624413,"Alonso, Pete","1091","0.90464344941956882255","832",75.27954857928495,"0.52978918423464711274",0.2956730769230769,0.22548120989917506,0.18389423076923078,0.14023831347387716,"7.3181736296975252","20",-11.112857016691422,"259",0.2373968835930339,"416",0.38130155820348305
671218,"Ramos, Heliot","876","0.90777202072538860104","655",75.24269973744293,"0.55251141552511415525",0.29770992366412213,0.2226027397260274,0.183206106870229,0.136986301369863,"6.9366757648401826","28",-2.277818679329121,"221",0.2522831050228311,"319",0.3641552511415525
592669,"Renfroe, Hunter","643","0.91335227272727272727","503",75.24117856920678,"0.52877138413685847589",0.2962226640159046,0.2317262830482115,0.1550695825049702,0.12130637636080871,"7.6201615707620529","8",-11.010604689925222,"140",0.2177293934681182,"277",0.4307931570762053
663586,"Riley, Austin","754","0.90843373493975903614","563",75.23038332891247,"0.53580901856763925729",0.3268206039076377,0.2440318302387268,0.2024866785079929,0.15119363395225463,"7.5092142572944297","24",-6.703269870715881,"191",0.253315649867374,"264",0.35013262599469497
641933,"O'Neill, Tyler","733","0.90605686032138442522","481",75.22371484311061,"0.51841746248294679400",0.28274428274428276,0.1855388813096862,0.18087318087318088,0.11869031377899045,"7.5942539290586630","11",-4.00892323020385,"252",0.34379263301500684,"209",0.28512960436562074
682829,"De La Cruz, Elly","994","0.90610756608933454877","695",75.19724338028183,"0.54024144869215291751",0.31798561151079136,0.22233400402414488,0.19136690647482013,0.13380281690140844,"7.2829900301810865","31",5.629965398939362,"299",0.3008048289738431,"352",0.35412474849094566
660821,"Sánchez, Jesús","891","0.90640895218718209563","614",75.16434883277218,"0.54433221099887766554",0.32247557003257327,0.2222222222222222,0.19055374592833876,0.13131313131313133,"7.1461954096520763","13",-19.328673994139177,"277",0.3108866442199775,"300",0.3367003367003367
663624,"Mountcastle, Ryan","912","0.90656063618290258449","699",75.05511220394732,"0.50000000000000000000",0.2732474964234621,0.20942982456140352,0.15879828326180256,0.12171052631578948,"7.4939784978070175","15",-14.185869531014482,"213",0.23355263157894737,"320",0.3508771929824561
572233,"Walker, Christian","915","0.90147783251231527094","708",75.0450196612022,"0.52786885245901639344",0.2612994350282486,0.20218579234972678,0.15819209039548024,0.12240437158469945,"7.5444976721311475","32",-21.167922957903286,"207",0.2262295081967213,"303",0.33114754098360655
670042,"Raley, Luke","752","0.90059880239520958084","512",74.9709340292553,"0.50797872340425531915",0.26953125,0.18351063829787234,0.16796875,0.11436170212765957,"7.2498889095744681","16",-7.490446779227974,"240",0.3191489361702128,"236",0.31382978723404253
665487,"Tatis Jr., Fernando","680","0.90185676392572944297","511",74.92280226470595,"0.48970588235294117647",0.3816046966731898,0.2867647058823529,0.23874755381604695,0.17941176470588235,"7.3506932647058824","32",-3.3928798613445603,"169",0.2485294117647059,"274",0.40294117647058825
671739,"Harris II, Michael","777","0.90771028037383177570","596",74.7185381853281,"0.48133848133848133848",0.3053691275167785,0.23423423423423423,0.19630872483221476,0.15057915057915058,"8.0627272844272844","11",-10.307374864888363,"181",0.23294723294723294,"307",0.39510939510939513
669394,"Burger, Jake","929","0.90281827016520894072","665",74.68849191603877,"0.46932185145317545748",0.33383458646616543,0.23896663078579117,0.20150375939849624,0.1442411194833154,"7.4839931108719053","17",-0.5982532531092543,"264",0.28417653390742736,"341",0.36706135629709363
677951,"Witt Jr., Bobby","1154","0.91009463722397476341","908",74.67063141247827,"0.48180242634315424610",0.34801762114537443,0.2738301559792028,0.2026431718061674,0.15944540727902945,"7.0959681195840555","16",24.757959841073667,"246",0.21317157712305027,"483",0.41854419410745236
661388,"Contreras, William","1114","0.90716612377850162866","829",74.66873254039501,"0.50359066427289048474",0.3486127864897467,0.2594254937163375,0.21109770808202655,0.1570915619389587,"7.3443889317773788","25",-2.600584141597861,"285",0.25583482944344704,"428",0.38420107719928187
682985,"Greene, Riley","944","0.90856592877767083734","699",74.64494158898307,"0.45338983050847457627",0.3061516452074392,0.2266949152542373,0.1688125894134478,0.125,"7.1873936970338983","7",-3.8395759757179686,"245",0.2595338983050847,"327",0.3463983050847458
677800,"Abreu, Wilyer","756","0.90756302521008403361","557",74.55485899470891,"0.44576719576719576720",0.30700179533213645,0.2261904761904762,0.15978456014362658,0.11772486772486772,"7.3922877645502646","17",-9.365253961467136,"199",0.26322751322751325,"263",0.3478835978835979
673357,"Robert Jr., Luis","715","0.90163934426229508197","482",74.54360745454542,"0.47552447552447552448",0.2821576763485477,0.1902097902097902,0.15560165975103735,0.1048951048951049,"7.7373839860139860","12",-20.151218114331975,"233",0.3258741258741259,"233",0.3258741258741259
663728,"Raleigh, Cal","1112","0.90406504065040650407","790",74.51715710431667,"0.45143884892086330935",0.2848101265822785,0.20233812949640287,0.15949367088607594,0.11330935251798561,"7.7683741097122302","15",-10.419115347249214,"322",0.289568345323741,"339",0.30485611510791366
694671,"Langford, Wyatt","819","0.90297684674751929438","630",74.49387903540902,"0.48229548229548229548",0.31746031746031744,0.2442002442002442,0.18412698412698414,0.14163614163614163,"7.0068706349206349","8",-2.4436315670759257,"189",0.23076923076923078,"340",0.41514041514041516
621439,"Buxton, Byron","658","0.90508940852819807428","460",74.32131126139822,"0.41793313069908814590",0.31521739130434784,0.22036474164133737,0.1673913043478261,0.11702127659574468,"8.0769337386018237","12",-0.656553541479503,"198",0.3009118541033435,"221",0.33586626139817627
671732,"Butler, Lawrence","725","0.90738423028785982478","539",74.19212224827587,"0.43586206896551724138",0.3209647495361781,0.2386206896551724,0.17625231910946196,0.1310344827586207,"7.0714196551724138","12",2.8021602807817256,"186",0.25655172413793104,"272",0.37517241379310345
669127,"Langeliers, Shea","853","0.91523605150214592275","621",74.13680409144193,"0.41969519343493552169",0.3252818035426731,0.23681125439624853,0.17713365539452497,0.12895662368112543,"7.2779461195779601","7",-10.776088332895934,"232",0.2719812426729191,"311",0.3645955451348183
624424,"Conforto, Michael","722","0.90589711417816813049","554",74.12210267313017,"0.42936288088642659280",0.3303249097472924,0.25346260387811637,0.17509025270758122,0.13434903047091412,"7.3757140166204986","5",-10.113073505650132,"168",0.23268698060941828,"286",0.3961218836565097
547180,"Harper, Bryce","1126","0.90514469453376205788","843",74.07012211367676,"0.41474245115452930728",0.28113879003558717,0.21047957371225579,0.17556346381969157,0.13143872113676733,"7.2847128863232682","14",2.6436474485197103,"283",0.25133214920071045,"366",0.325044404973357
542303,"Ozuna, Marcell","1139","0.90829346092503987241","782",73.99611879719038,"0.42142230026338893766",0.33631713554987214,0.2309043020193152,0.2020460358056266,0.13871817383669885,"7.3987484372256365","4",6.502495331450815,"357",0.31343283582089554,"381",0.334503950834065
621566,"Olson, Matt","1255","0.91074020319303338171","926",73.76720594422308,"0.38486055776892430279",0.26457883369330454,0.1952191235059761,0.1511879049676026,0.11155378486055777,"7.3470472828685259","11",-25.548834865673744,"329",0.2621513944223108,"380",0.30278884462151395
681297,"Cowser, Colton","908","0.90258449304174950298","665",73.75883813876662,"0.40748898678414096916",0.3097744360902256,0.22687224669603523,0.1699248120300752,0.12444933920704845,"6.9375178083700441","23",-17.206941746684404,"243",0.26762114537444937,"313",0.3447136563876652
682998,"Carroll, Corbin","911","0.91282565130260521042","723",73.69314990120758,"0.36882546652030735456",0.34854771784232363,0.27661909989023054,0.1839557399723375,0.145993413830955,"7.0201557409440176","5",-17.800751559739467,"188",0.20636663007683864,"414",0.4544456641053787
606466,"Marte, Ketel","851","0.90918803418803418803","680",73.68372994124545,"0.40540540540540540541",0.38235294117647056,0.30552291421856637,0.20294117647058824,0.16216216216216217,"7.6377421856639248","6",0.8310679694341823,"171",0.2009400705052879,"348",0.408930669800235
667670,"Rooker, Brent","1012","0.91007194244604316547","699",73.68173408102783,"0.37154150197628458498",0.32474964234620884,0.22430830039525693,0.18025751072961374,0.12450592885375494,"7.0795767984189723","29",22.686134554854007,"313",0.3092885375494071,"345",0.3409090909090909
662139,"Varsho, Daulton","819","0.90899001109877913430","605",73.66690459096453,"0.34432234432234432234",0.2396694214876033,0.17704517704517705,0.11074380165289256,0.08180708180708181,"7.6287425641025641","6",-16.387471259171814,"214",0.2612942612942613,"279",0.34065934065934067
642715,"Adames, Willy","1215","0.90671641791044776119","885",73.61564384362147,"0.33497942386831275720",0.28700564971751413,0.20905349794238684,0.1310734463276836,0.09547325102880659,"8.1086962304526749","9",2.6989274660576292,"330",0.2716049382716049,"408",0.3358024691358025
680776,"Duran, Jarren","1141","0.91134185303514376997","881",73.61282819456603,"0.36371603856266432954",0.30192962542565266,0.2331288343558282,0.1793416572077185,0.13847502191060473,"7.5596874057843996","21",-2.869828968993981,"260",0.22787028921998248,"449",0.39351446099912357
679529,"Torkelson, Spencer","647","0.90616246498599439776","485",73.55917049459052,"0.28902627511591962906",0.2597938144329897,0.1947449768160742,0.11958762886597939,0.08964451313755796,"7.5487653632148377","11",-22.62240853635167,"162",0.250386398763524,"215",0.3323029366306028
664040,"Lowe, Brandon","770","0.90058479532163742690","545",73.42883107792208,"0.35974025974025974026",0.30825688073394497,0.21818181818181817,0.1724770642201835,0.12207792207792208,"7.1220468181818182","27",-5.297156649598152,"225",0.2922077922077922,"254",0.32987012987012987
687401,"Ortiz, Joey","750","0.90689238210399032648","638",73.38858974666677,"0.34800000000000000000",0.26489028213166144,0.22533333333333333,0.1238244514106583,0.10533333333333333,"7.5172700800000000","8",-4.075960296072874,"112",0.14933333333333335,"320",0.4266666666666667
592626,"Pederson, Joc","662","0.90068027210884353741","508",73.37309377643503,"0.37160120845921450151",0.28937007874015747,0.22205438066465258,0.1594488188976378,0.12235649546827794,"7.6935153776435045","10",-0.26715182229324314,"154",0.2326283987915408,"223",0.3368580060422961
607043,"Nimmo, Brandon","1141","0.90627482128673550437","892",73.34248541630151,"0.35845749342681858019",0.312780269058296,0.24452234881682736,0.15807174887892378,0.12357581069237511,"7.2968786415425066","22",-11.179962913830451,"249",0.2182296231375986,"413",0.3619631901840491
663993,"Lowe, Nathaniel","903","0.90571715145436308927","736",73.31284666666669,"0.29346622369878183832",0.2826086956521739,0.23034330011074197,0.15217391304347827,0.12403100775193798,"7.2694856921373200","23",-7.256497340627617,"167",0.1849390919158361,"348",0.3853820598006645
664913,"Brown, Seth","685","0.91211717709720372836","498",73.30077018978105,"0.28175182481751824818",0.3092369477911647,0.22481751824817517,0.14457831325301204,0.10510948905109489,"7.2079967445255474","14",-18.927761450420817,"187",0.272992700729927,"229",0.3343065693430657
666139,"Lowe, Josh","765","0.90532544378698224852","522",73.29749416993468,"0.32679738562091503268",0.28160919540229884,0.19215686274509805,0.13409961685823754,0.0915032679738562,"7.1500561699346405","9",-19.10776120911131,"243",0.3176470588235294,"214",0.2797385620915033
650490,"Díaz, Yandy","902","0.90927419354838709677","788",73.2580583370289,"0.34368070953436807095",0.36548223350253806,0.31929046563192903,0.21954314720812182,0.1917960088691796,"7.5165517184035477","2",-13.074531621567992,"114",0.12638580931263857,"414",0.458980044345898
606192,"Hernández, Teoscar","1219","0.90430267062314540059","823",73.25474516817057,"0.32075471698113207547",0.3001215066828676,0.2026251025430681,0.1859052247873633,0.12551271534044298,"7.7643217391304348","29",-5.66809341634331,"396",0.324856439704676,"392",0.32157506152584087
521692,"Perez, Salvador","1186","0.90327494287890327494","878",73.21971994097808,"0.33389544688026981450",0.3359908883826879,0.2487352445193929,0.1776765375854214,0.1315345699831366,"7.9294948903878583","15",-6.360069484412091,"308",0.2596964586846543,"434",0.36593591905564926
669357,"Gorman, Nolan","631","0.90014265335235378031","418",73.21573011093501,"0.30269413629160063391",0.2607655502392344,0.17274167987321712,0.14114832535885166,0.09350237717908082,"7.5250394136291601","15",-16.351343446632832,"213",0.3375594294770206,"188",0.2979397781299525
694192,"Chourio, Jackson","876","0.90683229813664596273","660",73.1605828767124,"0.34018264840182648402",0.34545454545454546,0.2602739726027397,0.1787878787878788,0.13470319634703196,"7.3690821575342466","22",4.603610523547447,"216",0.2465753424657534,"356",0.4063926940639269
592663,"Realmuto, J.T.","673","0.90945945945945945946","509",73.15650236255578,"0.35364041604754829123",0.29273084479371314,0.2213967310549777,0.1650294695481336,0.12481426448736999,"7.6490285735512630","8",-6.763756710094085,"164",0.2436849925705795,"245",0.3640416047548291
669911,"Toglia, Michael","752","0.90931076178960096735","507",73.15121752659572,"0.29255319148936170213",0.3175542406311637,0.21409574468085107,0.1854043392504931,0.125,"7.5402945611702128","21",-18.03768010935577,"245",0.3257978723404255,"234",0.31117021276595747
666160,"Moniak, Mickey","752","0.90602409638554216867","539",73.14535792553191,"0.28590425531914893617",0.2820037105751391,0.20212765957446807,0.12987012987012986,0.09308510638297872,"7.6857526861702128","10",-14.995399410576212,"213",0.28324468085106386,"256",0.3404255319148936
623993,"Santander, Anthony","1200","0.90634441087613293051","966",73.14385507499996,"0.34000000000000000000",0.27639751552795033,0.2225,0.13664596273291926,0.11,"7.2441714333333333","7",-10.800664300945838,"234",0.195,"432",0.36
681624,"Pages, Andy","797","0.90362811791383219955","599",73.07695892095356,"0.28105395232120451694",0.27879799666110183,0.2095357590966123,0.1419031719532554,0.10664993726474278,"7.7264129987452949","11",-23.99182735472108,"198",0.24843161856963614,"279",0.35006273525721454
664238,"Moore, Dylan","658","0.90260631001371742112","508",73.04531989361706,"0.27811550151975683891",0.26968503937007876,0.20820668693009117,0.10826771653543307,0.08358662613981763,"7.1199545288753799","16",-20.724698902400593,"150",0.22796352583586627,"228",0.3465045592705167
502110,"Martinez, J.D.","884","0.90296220633299284985","618",72.97567781674213,"0.28846153846153846154",0.2815533980582524,0.19683257918552036,0.1407766990291262,0.09841628959276018,"8.4139919796380090","30",-19.693480083509172,"266",0.3009049773755656,"265",0.2997737556561086
673548,"Suzuki, Seiya","852","0.90158730158730158730","655",72.9616162558685,"0.34976525821596244131",0.33435114503816793,0.25704225352112675,0.1801526717557252,0.13849765258215962,"7.1918458685446009","17",13.494370070743559,"197",0.2312206572769953,"327",0.38380281690140844
680777,"Jeffers, Ryan","751","0.90047961630695443645","592",72.88053825565908,"0.34087882822902796272",0.27364864864864863,0.21571238348868177,0.13344594594594594,0.1051930758988016,"7.4664962450066578","23",-5.555043028132185,"159",0.21171770972037285,"297",0.3954727030625832
571745,"Haniger, Mitch","644","0.90069930069930069930","448",72.87590616459632,"0.26086956521739130435",0.3482142857142857,0.2422360248447205,0.16517857142857142,0.11490683229813664,"7.0976158074534161","22",-26.08583034838315,"196",0.30434782608695654,"231",0.358695652173913
647304,"Naylor, Josh","1056","0.90410958904109589041","838",72.84873011363624,"0.32196969696969696970",0.33770883054892603,0.26799242424242425,0.15274463007159905,0.12121212121212122,"7.6388810321969697","11",-15.361801924397216,"218",0.20643939393939395,"437",0.41382575757575757
669004,"Melendez, MJ","882","0.91115702479338842975","631",72.83568783446707,"0.32993197278911564626",0.3058637083993661,0.21882086167800455,0.15689381933438987,0.11224489795918367,"7.6642277891156463","14",-34.6227008836437,"251",0.28458049886621317,"281",0.31859410430839
668227,"Arozarena, Randy","964","0.90009337068160597572","705",72.74487632780078,"0.33402489626556016598",0.32907801418439714,0.24066390041493776,0.15886524822695036,0.11618257261410789,"7.3831954564315353","15",-23.59830813239731,"259",0.26867219917012447,"347",0.3599585062240664
457705,"McCutchen, Andrew","768","0.90246768507638072855","570",72.73770125000003,"0.25260416666666666667",0.312280701754386,0.23177083333333334,0.14912280701754385,0.11067708333333333,"7.6042034375000000","11",-15.719969950826178,"198",0.2578125,"291",0.37890625
502054,"Pham, Tommy","716","0.91094147582697201018","572",72.69259008379888,"0.22765363128491620112",0.3723776223776224,0.29748603351955305,0.1853146853146853,0.14804469273743018,"6.8851245251396648","14",-2.862193558877456,"144",0.2011173184357542,"319",0.44553072625698326
672284,"Kelenic, Jarred","729","0.90334572490706319703","492",72.68517758573383,"0.24828532235939643347",0.3475609756097561,0.2345679012345679,0.16463414634146342,0.1111111111111111,"7.3112531001371742","18",-19.815821704180273,"237",0.32510288065843623,"244",0.3347050754458162
657757,"Sheets, Gavin","838","0.90204520990312163617","670",72.67141578758955,"0.29713603818615751790",0.282089552238806,0.22553699284009546,0.12686567164179105,0.10143198090692124,"7.5681789737470167","27",-11.970211727483575,"168",0.20047732696897375,"320",0.3818615751789976
665161,"Peña, Jeremy","1039","0.90821678321678321678","785",72.60295015399429,"0.22232916265640038499",0.3363057324840764,0.25409047160731474,0.1503184713375796,0.11357074109720885,"7.6314987872954764","13",-29.962298095822913,"254",0.24446583253128007,"438",0.4215591915303176
673237,"Diaz, Yainer","1067","0.90577249575551782683","823",72.55708166822869,"0.23711340206185567010",0.34386391251518833,0.26522961574507964,0.17132442284325639,0.13214620431115276,"7.4113944985941893","17",-4.359389709188986,"244",0.22867853795688847,"433",0.40581068416119964
646240,"Devers, Rafael","1009","0.90331244404655326768","718",72.53523080277508,"0.27948463825569871160",0.32729805013927576,0.23290386521308226,0.1935933147632312,0.1377601585728444,"7.4467431219028741","24",-11.566567985486415,"291",0.288404360753221,"331",0.3280475718533201
641857,"McMahon, Ryan","1070","0.90448013524936601860","763",72.5090083271028,"0.26261682242990654206",0.3132372214941022,0.22336448598130842,0.16382699868938402,0.11682242990654206,"7.2049900093457944","28",-20.833238706036173,"307",0.2869158878504673,"334",0.3121495327102804
502671,"Goldschmidt, Paul","1111","0.90916530278232405892","824",72.48416544554458,"0.24302430243024302430",0.33495145631067963,0.24842484248424843,0.1796116504854369,0.1332133213321332,"7.7508739873987399","10",-25.464238844842107,"287",0.2583258325832583,"388",0.34923492349234925
669224,"Wells, Austin","782","0.90404624277456647399","579",72.4778959335039,"0.22506393861892583120",0.30397236614853196,0.22506393861892582,0.15716753022452504,0.11636828644501279,"7.3900524552429668","13",-18.448193629934543,"203",0.2595907928388747,"271",0.34654731457800514
642350,"Siri, Jose","738","0.90000000000000000000","455",72.470020406504,"0.27235772357723577236",0.2725274725274725,0.16802168021680217,0.14945054945054945,0.0921409214092141,"7.8421582926829268","20",-19.772927227582294,"283",0.38346883468834686,"206",0.2791327913279133
516782,"Marte, Starling","662","0.90313778990450204638","476",72.39534935045312,"0.27039274924471299094",0.33613445378151263,0.24169184290030213,0.1722689075630252,0.12386706948640483,"7.2838004833836858","12",-4.8105261665309085,"186",0.2809667673716012,"250",0.3776435045317221
656811,"O'Hearn, Ryan","789","0.91319444444444444444","661",72.37593176172375,"0.24334600760456273764",0.3373676248108926,0.2826362484157161,0.14826021180030258,0.12420785804816223,"7.1385244740177440","6",-13.456449141787015,"128",0.16223067173637515,"346",0.4385297845373891
664023,"Happ, Ian","1071","0.90609137055837563452","783",72.35314433239962,"0.23716153127917833800",0.31800766283524906,0.23249299719887956,0.15070242656449553,0.11017740429505135,"6.9586799439775910","18",-17.333896437307345,"288",0.2689075630252101,"357",0.3333333333333333
596019,"Lindor, Francisco","1222","0.90720118782479584261","932",72.34286330605576,"0.23240589198036006547",0.37553648068669526,0.2864157119476268,0.1888412017167382,0.14402618657937807,"7.5638910310965630","14",-4.5232423310208025,"290",0.23731587561374795,"475",0.38870703764320785
608369,"Seager, Corey","823","0.90439560439560439560","645",72.28888899149456,"0.20899149453219927096",0.3333333333333333,0.26123936816524906,0.19534883720930232,0.15309842041312272,"6.6468979100850547","14",0.4692984470205194,"178",0.21628189550425272,"319",0.38760631834750914
682928,"Abrams, CJ","1026","0.90237467018469656992","794",72.24537363547755,"0.23879142300194931774",0.31863979848866497,0.246588693957115,0.13476070528967254,0.10428849902534112,"7.5043158479532164","32",-15.22632946800789,"232",0.22612085769980506,"379",0.36939571150097467
553993,"Suárez, Eugenio","1025","0.90308370044052863436","742",72.20641466341459,"0.21463414634146341463",0.30727762803234504,0.2224390243902439,0.1495956873315364,0.10829268292682927,"7.7821313853658537","34",-3.5081063756777175,"283",0.2760975609756098,"352",0.3434146341463415
664761,"Bohm, Alec","912","0.90566037735849056604","760",72.2061900438596,"0.21271929824561403509",0.39342105263157895,0.32785087719298245,0.1868421052631579,0.15570175438596492,"7.3844609320175439","9",2.329650983838071,"152",0.16666666666666666,"429",0.47039473684210525
701538,"Merrill, Jackson","1092","0.90547263681592039801","884",72.18668018315027,"0.21336996336996336996",0.3042986425339366,0.24633699633699635,0.1515837104072398,0.1227106227106227,"7.5266097985347985","30",-4.516965109780477,"208",0.19047619047619047,"401",0.36721611721611724
666181,"Benson, Will","650","0.90277777777777777778","407",72.08176756923079,"0.20769230769230769231",0.257985257985258,0.16153846153846155,0.10319410319410319,0.06461538461538462,"7.8730006769230769","17",-21.417341499505348,"243",0.37384615384615383,"160",0.24615384615384617
657557,"DeJong, Paul","936","0.90873786407766990291","634",72.04020519230771,"0.15491452991452991453",0.2697160883280757,0.18269230769230768,0.11987381703470032,0.0811965811965812,"6.8999711431623932","11",-22.0980340218207,"302",0.32264957264957267,"274",0.29273504273504275
657136,"Wong, Connor","822","0.90329670329670329670","595",72.01319633819953,"0.17518248175182481752",0.29411764705882354,0.21289537712895376,0.13277310924369748,0.09610705596107055,"7.3449219464720195","11",-9.505505043213342,"227",0.2761557177615572,"294",0.35766423357664234
665862,"Chisholm Jr., Jazz","1013","0.90689346463742166517","714",71.99104248766032,"0.23593287265547877591",0.32212885154061627,0.22704837117472854,0.15126050420168066,0.10661401776900296,"7.4945231589338598","11",-35.23783948559986,"299",0.29516288252714706,"344",0.3395853899308983
666969,"García, Adolis","1106","0.90138549307253463733","749",71.95052441229666,"0.22965641952983725136",0.33377837116154874,0.22603978300180833,0.16421895861148197,0.1112115732368897,"7.8564441862567812","14",-37.93737545641246,"357",0.3227848101265823,"359",0.32459312839059673
641487,"Crawford, J.P.","651","0.90668523676880222841","524",71.92572615975426,"0.23195084485407066052",0.2900763358778626,0.23348694316436253,0.12213740458015267,0.09831029185867896,"7.2702896159754224","5",-24.747559407532748,"127",0.19508448540706605,"250",0.38402457757296465
669016,"Marsh, Brandon","723","0.90375000000000000000","539",71.90301811894875,"0.15352697095435684647",0.33766233766233766,0.2517289073305671,0.14842300556586271,0.11065006915629322,"7.2050539972337483","4",-7.055559272182803,"184",0.2544951590594744,"253",0.3499308437067773
543807,"Springer, George","949","0.90037950664136622391","730",71.89902859852482,"0.22339304531085353003",0.33013698630136984,0.25395152792413067,0.15205479452054796,0.11696522655426765,"7.4315015173867229","24",-25.716789574389438,"219",0.23076923076923078,"367",0.38672286617492097
592206,"Castellanos, Nick","1170","0.90487238979118329466","827",71.85833894017088,"0.22649572649572649573",0.3373639661426844,0.23846153846153847,0.12696493349455865,0.08974358974358974,"7.5809815384615385","12",-19.319301284622128,"343",0.2931623931623932,"424",0.3623931623931624
686469,"Pasquantino, Vinnie","915","0.91135458167330677291","789",71.84293911475409,"0.20655737704918032787",0.36755386565272496,0.31693989071038253,0.16096324461343473,0.13879781420765028,"7.4153603060109290","12",-5.838474049191833,"126",0.1377049180327869,"405",0.4426229508196721
641584,"Fraley, Jake","661","0.90300546448087431694","528",71.80723450832076,"0.19969742813918305598",0.25757575757575757,0.20574886535552195,0.07196969696969698,0.057488653555219364,"7.0766630105900151","1",-21.68285140007652,"133",0.20121028744326777,"251",0.37972768532526474
650559,"De La Cruz, Bryan","1074","0.90252100840336134454","781",71.77776210428304,"0.19832402234636871508",0.3265044814340589,0.23743016759776536,0.1267605633802817,0.09217877094972067,"7.6931054748603352","20",-27.23532093860376,"293",0.27281191806331473,"374",0.34823091247672255
467793,"Santana, Carlos","892","0.90558375634517766497","698",71.76066921524666,"0.19394618834080717489",0.36103151862464183,0.2825112107623318,0.1361031518624642,0.10650224215246637,"7.5725715022421525","8",-28.944193200899974,"194",0.21748878923766815,"373",0.41816143497757846
672820,"Sosa, Lenyn","642","0.90295358649789029536","520",71.74981362928348,"0.16978193146417445483",0.3326923076923077,0.26947040498442365,0.125,0.10124610591900311,"7.3644011838006231","6",-11.984858158478284,"122",0.19003115264797507,"259",0.40342679127725856
621020,"Swanson, Dansby","991","0.90419708029197080292","725",71.73441603430881,"0.12815338042381432896",0.33379310344827584,0.24419778002018164,0.15448275862068966,0.11301715438950555,"7.4402741775983855","22",-15.978394592835038,"266",0.2684157416750757,"354",0.35721493440968716
668709,"Bleday, JJ","961","0.90234741784037558685","728",71.7277449115504,"0.16545265348595213319",0.35027472527472525,0.26534859521331944,0.15521978021978022,0.11758584807492195,"7.2842542455775234","24",-22.028388202097428,"233",0.24245577523413112,"397",0.413111342351717
663898,"Rodgers, Brendan","802","0.90112359550561797753","612",71.72187432668322,"0.25187032418952618454",0.315359477124183,0.24064837905236908,0.1437908496732026,0.10972568578553615,"7.1420569326683292","26",-5.646208121878765,"190",0.23690773067331672,"301",0.37531172069825436
607208,"Turner, Trea","937","0.90531400966183574879","697",71.70081344717192,"0.17929562433297758805",0.3400286944045911,0.2529348986125934,0.13486370157819225,0.10032017075773746,"7.6060910885805763","15",-9.231794676417952,"240",0.256136606189968,"358",0.3820704375667022
595777,"Profar, Jurickson","1018","0.90168290522586359610","854",71.69710744597259,"0.22789783889980353635",0.32201405152224827,0.27013752455795675,0.12412177985948478,0.10412573673870335,"7.3469857170923379","13",-15.660315964900086,"164",0.16110019646365423,"383",0.3762278978388998
657041,"Thomas, Lane","831","0.90326086956521739130","655",71.6773333333333,"0.16606498194945848375",0.33435114503816793,0.26353790613718414,0.15572519083969466,0.12274368231046931,"6.7525946570397112","20",-12.365641535987974,"176",0.21179302045728038,"336",0.4043321299638989
663697,"India, Jonathan","830","0.90413943355119825708","683",71.67428439759043,"0.22168674698795180723",0.3074670571010249,0.25301204819277107,0.12445095168374817,0.10240963855421686,"7.1687586144578313","25",-15.974655483731521,"147",0.17710843373493976,"341",0.4108433734939759
668901,"Vientos, Mark","860","0.90717299578059071730","578",71.67388908139529,"0.20000000000000000000",0.3615916955017301,0.24302325581395348,0.19550173010380623,0.1313953488372093,"7.5685766279069767","19",3.493918536901444,"282",0.32790697674418606,"285",0.3313953488372093
671277,"García Jr., Luis","810","0.90200445434298440980","644",71.65533960493835,"0.22716049382716049383",0.35248447204968947,0.2802469135802469,0.16149068322981366,0.12839506172839507,"7.2874759629629630","10",1.034121637639348,"166",0.20493827160493827,"354",0.43703703703703706
680869,"Gelof, Zack","896","0.90413723511604439960","583",71.62430863839282,"0.11718750000000000000",0.30360205831903947,0.19754464285714285,0.12006861063464837,0.078125,"7.3272644196428571","23",-29.01172922923759,"313",0.34933035714285715,"285",0.31808035714285715
608070,"Ramírez, José","1224","0.90465631929046563193","1063",71.61476142973866,"0.19689542483660130719",0.3264346190028222,0.2834967320261438,0.13922859830667922,0.12091503267973856,"7.2772414950980392","17",8.13210640748992,"161",0.1315359477124183,"516",0.4215686274509804
571771,"Hernández, Enrique","708","0.90537084398976982097","554",71.58385624293776,"0.18079096045197740113",0.351985559566787,0.2754237288135593,0.12093862815884476,0.09463276836158192,"7.3686249152542373","8",-11.195799971932923,"154",0.2175141242937853,"289",0.4081920903954802
668715,"Steer, Spencer","990","0.90000000000000000000","778",71.56088758585861,"0.13636363636363636364",0.32519280205655526,0.25555555555555554,0.12724935732647816,0.1,"7.3681251313131313","21",-8.956872083250206,"212",0.21414141414141413,"388",0.39191919191919194
668804,"Reynolds, Bryan","1097","0.90213815789473684211","800",71.54439644484971,"0.17137648131267092069",0.36625,0.2670920692798541,0.17375,0.1267092069279854,"6.8420193436645397","31",-8.426004758910565,"297",0.2707383773928897,"414",0.37739288969917956
686676,"Lee, Korey","733","0.90382244143033292232","471",71.42284462482948,"0.14051841746248294679",0.30148619957537154,0.1937244201909959,0.14225053078556263,0.09140518417462483,"7.2080185948158254","16",-22.93079432821596,"262",0.35743519781718963,"231",0.3151432469304229
596146,"Kepler, Max","675","0.90120160213618157543","526",71.36547066666661,"0.19407407407407407407",0.3288973384030418,0.2562962962962963,0.13688212927756654,0.10666666666666667,"7.4499343851851852","15",-26.713544103991968,"149",0.22074074074074074,"263",0.3896296296296296
608324,"Bregman, Alex","925","0.90508806262230919765","825",71.35011776216217,"0.11783783783783783784",0.3793939393939394,0.33837837837837836,0.13333333333333333,0.11891891891891893,"7.0084936432432432","7",-9.48333302494298,"100",0.10810810810810811,"454",0.4908108108108108
690993,"Keith, Colt","883","0.90286298568507157464","686",71.33179423556058,"0.14835787089467723669",0.3498542274052478,0.2718006795016987,0.12536443148688048,0.09739524348810873,"6.6725633975084938","14",-13.352167897612091,"197",0.22310305775764439,"373",0.42242355605889015
678662,"Tovar, Ezequiel","1285","0.90492957746478873239","876",71.31665060700387,"0.18910505836575875486",0.3059360730593607,0.2085603112840467,0.11757990867579908,0.08015564202334631,"7.5456317354085603","17",-4.2521883842576855,"409",0.31828793774319064,"405",0.3151750972762646
672275,"Bailey, Patrick","726","0.90523690773067331671","564",71.29382641873273,"0.13223140495867768595",0.3617021276595745,0.2809917355371901,0.15602836879432624,0.12121212121212122,"7.2790111019283747","9",-29.16837258909208,"162",0.2231404958677686,"275",0.3787878787878788
666158,"Lux, Gavin","793","0.90732265446224256293","628",71.27958312736446,"0.15762925598991172762",0.32802547770700635,0.2597730138713745,0.13694267515923567,0.10844892812105927,"7.2646679949558638","20",-11.720506923433975,"165",0.2080706179066835,"318",0.4010088272383354
665750,"Taveras, Leody","811","0.90311804008908685969","598",71.27085471023427,"0.14796547472256473490",0.32608695652173914,0.2404438964241677,0.14381270903010032,0.1060419235511714,"7.4576902342786683","6",-25.373196434343363,"213",0.2626387176325524,"319",0.3933415536374846
656555,"Hoskins, Rhys","820","0.90109890109890109890","627",71.19059364634138,"0.13048780487804878049",0.2982456140350877,0.2280487804878049,0.11961722488038277,0.09146341463414634,"8.1052386097560976","23",-17.267841064498604,"193",0.23536585365853657,"267",0.325609756097561
676475,"Burleson, Alec","995","0.89963833634719710669","830",71.18966751758788,"0.17989949748743718593",0.3710843373493976,0.30954773869346736,0.13253012048192772,0.11055276381909548,"7.4595959095477387","11",-14.884497145853452,"165",0.1658291457286432,"424",0.42613065326633165
664056,"Bader, Harrison","665","0.90108401084010840108","511",71.14837736842108,"0.19548872180451127820",0.33072407045009783,0.25413533834586466,0.12915851272015655,0.09924812030075188,"7.0571766466165414","16",-20.12507993727278,"154",0.23157894736842105,"283",0.4255639097744361
663837,"Vierling, Matt","911","0.90376984126984126984","733",71.08774343578487,"0.12184412733260153677",0.35607094133697137,0.2864983534577388,0.15552523874488403,0.1251372118551043,"7.4069864873765093","8",-16.104510244962942,"178",0.19538968166849616,"372",0.4083424807903403
693304,"Gonzales, Nick","673","0.90335570469798657718","522",71.07420604754833,"0.12927191679049034175",0.3275862068965517,0.2540861812778603,0.13984674329501914,0.10846953937592868,"7.2675376374442793","16",-11.028115015228874,"151",0.22436849925705796,"269",0.399702823179792
664034,"France, Ty","880","0.90534979423868312757","680",71.03361150000003,"0.14318181818181818182",0.31176470588235294,0.2409090909090909,0.12058823529411765,0.09318181818181819,"7.5937008181818182","17",-29.083892479567016,"200",0.22727272727272727,"332",0.37727272727272726
676059,"Westburg, Jordan","695","0.90259740259740259740","501",71.01947804316556,"0.10791366906474820144",0.37524950099800397,0.27050359712230215,0.1656686626746507,0.11942446043165468,"6.8179522302158273","17",0.09807117305241969,"194",0.27913669064748203,"269",0.38705035971223023
669304,"Miranda, Jose","692","0.90575916230366492147","559",71.01443536127168,"0.15606936416184971098",0.3595706618962433,0.2904624277456647,0.13416815742397137,0.10838150289017341,"7.5825508815028902","25",-14.705291023152224,"133",0.19219653179190752,"298",0.430635838150289
687263,"Neto, Zach","921","0.90294117647058823529","692",70.97595160694898,"0.14657980456026058632",0.33815028901734107,0.254071661237785,0.13872832369942195,0.10423452768729642,"7.1088022258414767","37",-7.850622327211719,"229",0.248642779587405,"346",0.3756786102062975
573262,"Yastrzemski, Mike","757","0.90658682634730538922","570",70.94695535006603,"0.05548216644649933950",0.35789473684210527,0.26948480845442535,0.14210526315789473,0.10700132100396301,"7.5561130911492734","11",-13.46394991008895,"187",0.24702774108322326,"284",0.3751651254953765
656775,"Mullins, Cedric","830","0.90413943355119825708","690",70.94231618072301,"0.07469879518072289157",0.28695652173913044,0.2385542168674699,0.10144927536231885,0.08433734939759036,"7.5030933132530120","4",-13.379833671166825,"140",0.1686746987951807,"309",0.372289156626506
686668,"Doyle, Brenton","917","0.90433925049309664694","650",70.93317810250815,"0.08069792802617230098",0.34307692307692306,0.24318429661941113,0.1523076923076923,0.1079607415485278,"7.3617507197382770","20",-10.490413189797378,"267",0.29116684841875684,"339",0.3696837513631407
606115,"Arcia, Orlando","951","0.90313390313390313390","718",70.85992416403785,"0.13459516298633017876",0.3412256267409471,0.2576235541535226,0.12256267409470752,0.09253417455310199,"7.9069210094637224","25",-51.16731154832146,"233",0.24500525762355416,"377",0.3964248159831756
663886,"Stephenson, Tyler","724","0.90049751243781094527","590",70.84533017955806,"0.09392265193370165746",0.37457627118644066,0.3052486187845304,0.15593220338983052,0.1270718232044199,"7.4397323895027624","31",-1.5591156698569237,"134",0.1850828729281768,"306",0.42265193370165743
676356,"DeLuca, Jonny","627","0.89956958393113342898","487",70.83876625199352,"0.11164274322169059011",0.26078028747433263,0.2025518341307815,0.08008213552361396,0.06220095693779904,"7.6480511483253589","11",-22.374904338536318,"140",0.22328548644338117,"230",0.3668261562998405
686681,"Massey, Michael","660","0.90040927694406548431","555",70.79898945454553,"0.08333333333333333333",0.35495495495495494,0.29848484848484846,0.11891891891891893,0.1,"7.1641717878787879","6",-8.285875787870387,"105",0.1590909090909091,"284",0.4303030303030303
683734,"Vaughn, Andrew","982","0.90423572744014732965","786",70.77921929735236,"0.12016293279022403259",0.35368956743002544,0.2830957230142566,0.16157760814249364,0.12932790224032586,"7.5551611099796334","12",-18.86578165658204,"196",0.19959266802443992,"395",0.40224032586558045
672580,"Garcia, Maikel","881","0.90637860082304526749","765",70.76887208853574,"0.10783200908059023837",0.41045751633986927,0.3564131668558456,0.1607843137254902,0.13961407491486946,"7.1523301929625426","12",-25.984226565323645,"116",0.13166855845629966,"439",0.4982973893303065
664728,"Isbel, Kyle","632","0.90804597701149425287","515",70.75709072784812,"0.10759493670886075949",0.3320388349514563,0.27056962025316456,0.13009708737864079,0.1060126582278481,"7.1577247468354430","5",-14.445553022435885,"117",0.185126582278481,"267",0.4224683544303797
571448,"Arenado, Nolan","983","0.90100824931255728689","840",70.74973215666336,"0.12817904374364191251",0.32261904761904764,0.27568667344862663,0.09166666666666666,0.07833163784333673,"8.2208758799593082","29",-10.312063901052092,"143",0.14547304170905392,"434",0.44150559511698884
593428,"Bogaerts, Xander","678","0.90039840637450199203","563",70.72290196165184,"0.15339233038348082596",0.369449378330373,0.30678466076696165,0.12966252220248667,0.10766961651917405,"7.2055954867256637","10",-12.559809230307136,"115",0.1696165191740413,"310",0.45722713864306785
681351,"O'Hoppe, Logan","855","0.90000000000000000000","589",70.67989454970754,"0.17426900584795321637",0.3293718166383701,0.22690058479532163,0.1460101867572156,0.10058479532163743,"7.3042476257309942","41",-22.22647055474231,"266",0.3111111111111111,"278",0.32514619883040935
672640,"Lopez, Otto","686","0.90026246719160104987","544",70.67582435860061,"0.13994169096209912536",0.3786764705882353,0.30029154518950435,0.14154411764705882,0.11224489795918367,"6.5601871720116618","19",-4.581168396678504,"142",0.20699708454810495,"298",0.43440233236151604
650489,"Castro, Willi","1093","0.90181518151815181518","791",70.64677685269896,"0.15462031107044830741",0.2895069532237674,0.20951509606587373,0.12010113780025285,0.08691674290942361,"7.0832669899359561","18",-12.086481526414756,"302",0.27630375114364136,"365",0.33394327538883806
691718,"Crow-Armstrong, Pete","725","0.90174129353233830846","511",70.57432739310337,"0.08000000000000000000",0.33659491193737767,0.23724137931034484,0.12524461839530332,0.08827586206896551,"7.1605468000000000","10",-14.344975542316728,"214",0.29517241379310344,"240",0.3310344827586207
666971,"Gurriel Jr., Lourdes","888","0.90243902439024390244","724",70.56687377252253,"0.09459459459459459459",0.3149171270718232,0.25675675675675674,0.13397790055248618,0.10923423423423423,"7.4797689414414414","12",-8.984955881022973,"164",0.18468468468468469,"359",0.40427927927927926
666310,"Naylor, Bo","702","0.90000000000000000000","520",70.56194790598286,"0.09829059829059829060",0.31346153846153846,0.23219373219373218,0.12884615384615383,0.09544159544159544,"7.4246134472934473","20",-21.577693620777268,"182",0.25925925925925924,"230",0.32763532763532766
681807,"Fry, David","708","0.90191082802547770701","553",70.5452177683616,"0.09180790960451977401",0.29294755877034356,0.2288135593220339,0.12658227848101267,0.09887005649717515,"7.7809047457627119","20",-0.27775023188795206,"155",0.2189265536723164,"241",0.3403954802259887
669707,"Triolo, Jared","694","0.90129870129870129870","522",70.46910377521615,"0.06195965417867435159",0.30268199233716475,0.2276657060518732,0.12835249042145594,0.09654178674351585,"7.8261414985590778","19",-20.27931083542863,"172",0.2478386167146974,"245",0.3530259365994236
605137,"Bell, Josh","914","0.90049261083743842365","690",70.42516660831504,"0.14989059080962800875",0.36086956521739133,0.2724288840262582,0.1536231884057971,0.11597374179431072,"7.8739934354485777","14",-17.745012840774233,"224",0.24507658643326038,"368",0.4026258205689278
683737,"Busch, Michael","909","0.90000000000000000000","654",70.2638485808581,"0.11331133113311331133",0.35015290519877673,0.25192519251925194,0.13302752293577982,0.09570957095709572,"7.2679910781078108","18",-15.149658198175825,"255",0.28052805280528054,"299",0.32893289328932895
672761,"Pérez, Wenceel","733","0.90382244143033292232","580",70.26089859481581,"0.09004092769440654843",0.31896551724137934,0.252387448840382,0.08793103448275862,0.06957708049113233,"6.8669675579809004","4",-11.904081709449846,"153",0.208731241473397,"268",0.3656207366984993
641680,"Heim, Jonah","804","0.90337078651685393258","644",70.24809749999986,"0.09701492537313432836",0.34627329192546585,0.277363184079602,0.11180124223602485,0.08955223880597014,"7.4253790796019900","9",-36.84277158694035,"160",0.19900497512437812,"317",0.39427860696517414
691026,"Winn, Masyn","1000","0.90009000900090009001","823",70.22580169000001,"0.11500000000000000000",0.3219927095990279,0.265,0.12029161603888214,0.099,"7.3216748500000000","14",-14.944139712501324,"177",0.177,"423",0.423
650402,"Torres, Gleyber","1178","0.90476190476190476190","941",70.16523754668928,"0.09168081494057724958",0.33581296493092455,0.26825127334465193,0.1073326248671626,0.08573853989813243,"7.2463476400679117","23",-25.561098197159488,"237",0.20118845500848898,"442",0.37521222410865873
669701,"Smith, Josh","945","0.90085795996186844614","737",70.14938827513225,"0.06772486772486772487",0.3568521031207598,0.2783068783068783,0.11804613297150611,0.09206349206349207,"6.8247683597883598","10",-10.88496157786823,"208",0.2201058201058201,"369",0.3904761904761905
678882,"Rafaela, Ceddanne","1080","0.90301003344481605351","742",70.0662873333333,"0.06759259259259259259",0.3045822102425876,0.20925925925925926,0.11455525606469003,0.0787037037037037,"7.4618033055555556","24",-10.212734552649236,"338",0.31296296296296294,"341",0.31574074074074077
621493,"Ward, Taylor","938","0.90279114533205004812","724",69.82862109808103,"0.08422174840085287846",0.3839779005524862,0.29637526652452023,0.1477900552486188,0.1140724946695096,"7.0535211194029851","23",-20.472215905454746,"214",0.2281449893390192,"375",0.3997867803837953
676914,"Schneider, Davis","685","0.90369393139841688654","501",69.82833648175185,"0.06131386861313868613",0.3013972055888224,0.22043795620437956,0.10379241516966067,0.07591240875912408,"6.9222197226277372","25",-28.722568277861576,"184",0.2686131386861314,"218",0.3182481751824818
518692,"Freeman, Freddie","1131","0.90625000000000000000","917",69.76105679045101,"0.09725906277630415561",0.34133042529989094,0.27674624226348365,0.1341330425299891,0.10875331564986737,"6.7770518213969938","10",-22.264698228710788,"214",0.1892130857648099,"431",0.381078691423519
593871,"Polanco, Jorge","726","0.90298507462686567164","533",69.74098358126724,"0.07851239669421487603",0.31894934333958724,0.23415977961432508,0.1200750469043152,0.0881542699724518,"7.1939335261707989","17",-23.57413691824917,"192",0.2644628099173554,"238",0.3278236914600551
676609,"Caballero, José","751","0.90047961630695443645","549",69.69669920106523,"0.15579227696404793609",0.28233151183970856,0.20639147802929428,0.08925318761384335,0.06524633821571238,"6.9601962716378162","18",-21.893148786485828,"202",0.26897470039946736,"250",0.33288948069241014
680977,"Donovan, Brendan","899","0.90080160320641282565","780",69.62546680756401,"0.07230255839822024472",0.40512820512820513,0.3515016685205784,0.13846153846153847,0.12013348164627363,"6.8902059733036707","14",-14.979830119701788,"119",0.13236929922135707,"453",0.5038932146829811
608385,"Winker, Jesse","802","0.90213723284589426322","660",69.59115129675811,"0.07730673316708229426",0.32727272727272727,0.26932668329177056,0.11666666666666667,0.09600997506234414,"7.2882473192019950","20",-5.19098626187762,"142",0.1770573566084788,"304",0.3790523690773067
677587,"Rocchio, Brayan","722","0.90476190476190476190","558",69.519971398892,"0.03185595567867036011",0.30824372759856633,0.23822714681440443,0.07885304659498207,0.060941828254847646,"7.2885383656509695","10",-32.178689838439,"164",0.22714681440443213,"280",0.3878116343490305
687462,"Horwitz, Spencer","629","0.90114613180515759312","514",69.49651297297298,"0.09538950715421303657",0.3346303501945525,0.27344992050874406,0.11089494163424124,0.09062003179650238,"6.9986903974562798","10",-9.169422488748639,"115",0.18282988871224165,"234",0.37201907790143085
683011,"Volpe, Anthony","1201","0.89962546816479400749","948",69.46280626144865,"0.04662781015820149875",0.3322784810126582,0.2622814321398834,0.10759493670886076,0.08492922564529559,"7.0795444296419650","29",-36.27307874461559,"253",0.21065778517901748,"457",0.38051623646960864
663368,"Perkins, Blake","633","0.90687679083094555874","459",69.44220194312798,"0.03159557661927330174",0.4226579520697168,0.30647709320695105,0.12854030501089325,0.09320695102685624,"7.3070065086887836","13",-19.964525206381097,"174",0.27488151658767773,"251",0.39652448657187994
630105,"Cronenworth, Jake","1041","0.89974070872947277442","863",69.42036959654182,"0.06051873198847262248",0.3186558516801854,0.2641690682036503,0.11703360370799537,0.09702209414024976,"7.0789513160422671","11",-31.513180928082825,"178",0.17098943323727187,"398",0.38232468780019213
514888,"Altuve, Jose","1016","0.89991142604074402126","800",69.40079684055138,"0.13090551181102362205",0.33375,0.26279527559055116,0.09,0.07086614173228346,"7.7845257480314961","10",-9.589401801862847,"216",0.2125984251968504,"403",0.39665354330708663
643289,"Dubón, Mauricio","758","0.90238095238095238095","625",69.38604344327172,"0.06596306068601583113",0.3328,0.27440633245382584,0.0672,0.055408970976253295,"7.6225384828496042","14",-18.51414226228436,"133",0.17546174142480211,"315",0.4155672823218997
605141,"Betts, Mookie","734","0.89950980392156862745","639",69.11324892370571,"0.09809264305177111717",0.41158059467918623,0.3583106267029973,0.11424100156494522,0.0994550408719346,"6.9326981062670300","20",-6.313404072808506,"95",0.12942779291553133,"364",0.49591280653950953
645277,"Albies, Ozzie","773","0.89988358556461001164","626",69.09453961190172,"0.07503234152652005175",0.329073482428115,0.2664941785252264,0.08146964856230032,0.06597671410090557,"7.2079716946959897","7",-20.799869440550633,"147",0.19016817593790428,"278",0.35963777490297544
668939,"Rutschman, Adley","1000","0.90090090090090090090","841",69.04845159000008,"0.06400000000000000000",0.356718192627824,0.3,0.10582639714625446,0.089,"6.9409630500000000","9",-7.349744576171872,"159",0.159,"415",0.415
641355,"Bellinger, Cody","891","0.90000000000000000000","708",68.97372607182942,"0.05162738496071829405",0.3855932203389831,0.3063973063973064,0.09745762711864407,0.07744107744107744,"7.6118192480359147","22",-4.05928756072026,"183",0.2053872053872054,"380",0.4264870931537598
643446,"McNeil, Jeff","822","0.90032858707557502738","699",68.75073993917279,"0.05231143552311435523",0.3261802575107296,0.2773722627737226,0.07868383404864092,0.06690997566909976,"7.2139047566909976","25",-20.9999935784302,"123",0.14963503649635038,"326",0.39659367396593675
676694,"Meyers, Jake","714","0.90037831021437578815","538",68.61107239495801,"0.07843137254901960784",0.3159851301115242,0.23809523809523808,0.10594795539033457,0.07983193277310924,"7.0036359243697479","31",-30.29932467207101,"176",0.24649859943977592,"274",0.38375350140056025
600869,"Candelario, Jeimer","752","0.90059880239520958084","543",68.44630599734042,"0.05053191489361702128",0.3425414364640884,0.2473404255319149,0.09944751381215469,0.07180851063829788,"7.8080113962765957","18",-20.385622583536723,"209",0.2779255319148936,"269",0.35771276595744683
592192,"Canha, Mark","678","0.90279627163781624501","540",68.43849165191733,"0.03982300884955752212",0.3648148148148148,0.29056047197640117,0.10555555555555556,0.084070796460177,"7.2187519321533923","14",-24.378165685539734,"138",0.20353982300884957,"262",0.3864306784660767
657077,"Verdugo, Alex","908","0.89990089197224975223","762",68.39494084801767,"0.07488986784140969163",0.39763779527559057,0.33370044052863435,0.1089238845144357,0.09140969162995595,"6.3242370814977974","5",-36.454850916097946,"146",0.16079295154185022,"414",0.45594713656387664
543760,"Semien, Marcus","1117","0.90008058017727639001","914",68.33943575649064,"0.04207699194270367055",0.37527352297593,0.3070725156669651,0.11925601750547046,0.09758281110116383,"7.6544960071620412","27",-28.87583818559316,"203",0.18173679498657117,"484",0.4333034914950761
680474,"Schuemann, Max","665","0.89986468200270635995","488",68.32967539849616,"0.02105263157894736842",0.38729508196721313,0.28421052631578947,0.08811475409836066,0.06466165413533835,"6.6675831278195489","15",-26.104310362439474,"177",0.2661654135338346,"253",0.3804511278195489
665926,"Giménez, Andrés","1171","0.90007686395080707148","885",68.23865467122123,"0.06831767719897523484",0.31412429378531076,0.23740392826643894,0.0768361581920904,0.05807002561912895,"7.0124847736976943","17",-45.46340025179378,"286",0.24423569598633646,"412",0.3518360375747225
681082,"Stott, Bryson","878","0.90051282051282051282","750",68.22503310933932,"0.01936218678815489749",0.348,0.2972665148063781,0.088,0.07517084282460136,"7.0738906378132118","22",-24.56121656890079,"128",0.14578587699316628,"383",0.43621867881548976
663538,"Hoerner, Nico","950","0.90218423551756885090","851",68.21666510526308,"0.02842105263157894737",0.3537015276145711,0.31684210526315787,0.07168037602820211,0.06421052631578947,"7.1324602947368421","11",-17.24275754934566,"99",0.10421052631578948,"453",0.4768421052631579
570482,"Urshela, Gio","807","0.89966555183946488294","652",68.20493011152419,"0.04213135068153655514",0.3588957055214724,0.2899628252788104,0.09049079754601227,0.07311028500619579,"7.1295533457249071","10",-16.95664179977594,"155",0.19206939281288724,"338",0.4188351920693928
670623,"Paredes, Isaac","1070","0.89991589571068124474","898",68.19794963551409,"0.04766355140186915888",0.289532293986637,0.24299065420560748,0.0645879732739421,0.05420560747663551,"7.9974240560747664","13",-20.808420974595094,"172",0.16074766355140188,"382",0.35700934579439253
696285,"Young, Jacob","707","0.89949109414758269720","582",68.17035115983032,"0.01414427157001414427",0.35738831615120276,0.2942008486562942,0.08934707903780069,0.07355021216407355,"6.9340582602545969","20",-16.187120846141358,"125",0.1768033946251768,"320",0.4526166902404526
643217,"Benintendi, Andrew","809","0.90089086859688195991","649",68.03703080346109,"0.00988875154511742892",0.3975346687211094,0.3189122373300371,0.09090909090909091,0.07292954264524104,"6.7080108652657602","12",-19.2466113092315,"160",0.19777503090234858,"344",0.4252163164400494
669257,"Smith, Will","936","0.90000000000000000000","757",67.88510623931623,"0.03311965811965811966",0.33553500660501984,0.27136752136752135,0.11096433289299867,0.08974358974358974,"7.1724995833333333","28",-37.02067550041106,"179",0.19123931623931623,"351",0.375
453568,"Blackmon, Charlie","760","0.89940828402366863905","617",67.4161426315789,"0.02368421052631578947",0.293354943273906,0.2381578947368421,0.06645056726094004,0.05394736842105263,"7.1469542368421053","5",-16.35459975792098,"143",0.1881578947368421,"301",0.3960526315789474
664983,"McCarthy, Jake","720","0.90000000000000000000","601",67.34480161111111,"0.03055555555555555556",0.3178036605657238,0.2652777777777778,0.06821963394342762,0.05694444444444444,"6.7180875555555556","12",-2.078949112636622,"119",0.16527777777777777,"308",0.42777777777777776
643396,"Kiner-Falefa, Isiah","649","0.90013869625520110957","557",67.02468097072425,"0.02157164869029275809",0.40933572710951527,0.35130970724191063,0.10053859964093358,0.08628659476117104,"6.8225511248073960","11",-13.942032669380378,"92",0.14175654853620956,"330",0.5084745762711864
676391,"Clement, Ernie","689","0.90065359477124183007","609",66.75706666182876,"0.01015965166908563135",0.41707717569786534,0.3686502177068215,0.06896551724137931,0.06095791001451379,"6.8174481712626996","13",5.291304391008579,"80",0.11611030478955008,"348",0.5050798258345428
668942,"Rojas, Josh","726","0.89962825278810408922","562",66.57750460055102,"0.00826446280991735537",0.37544483985765126,0.290633608815427,0.099644128113879,0.07713498622589532,"7.2540734159779614","15",-28.79478825706263,"164",0.22589531680440772,"266",0.36639118457300274
660688,"Ruiz, Keibert","729","0.89889025893958076449","652",66.38776478738001,"0.00960219478737997257",0.37883435582822084,0.3388203017832647,0.07975460122699386,0.07133058984910837,"7.0937579286694102","10",-21.004493866391194,"77",0.1056241426611797,"351",0.48148148148148145
686217,"Frelick, Sal","722","0.90024937655860349127","635",66.26521656509694,"0.02631578947368421053",0.3606299212598425,0.3171745152354571,0.05984251968503937,0.05263157894736842,"6.9306691274238227","10",-6.689214358120129,"87",0.12049861495844875,"347",0.4806094182825485
668930,"Turang, Brice","950","0.89962121212121212121","819",66.17803905263156,"0.03473684210526315789",0.33821733821733824,0.29157894736842105,0.06227106227106227,0.05368421052631579,"6.0805909789473684","12",-25.08179427143058,"131",0.13789473684210526,"382",0.40210526315789474
694384,"Schanuel, Nolan","782","0.89988492520138089758","681",65.16678521739131,"0.02429667519181585678",0.3656387665198238,0.31841432225063937,0.055800293685756244,0.04859335038363171,"6.5646771483375959","13",-19.13514292337673,"101",0.12915601023017903,"343",0.43861892583120204
457759,"Turner, Justin","860","0.89958158995815899582","738",65.05838948837204,"0.00813953488372093023",0.3252032520325203,0.27906976744186046,0.05013550135501355,0.04302325581395349,"6.3349910813953488","16",-18.69886105951091,"122",0.14186046511627906,"315",0.36627906976744184
680757,"Kwan, Steven","732","0.90036900369003690037","678",64.40602658469949,"0.00409836065573770492",0.41887905604719766,0.3879781420765027,0.058997050147492625,0.0546448087431694,"6.4477955601092896","8",-7.904851336966104,"54",0.07377049180327869,"373",0.5095628415300546
670032,"Lopez, Nicky","640","0.90014064697609001406","522",64.152404,"0.00468750000000000000",0.39655172413793105,0.3234375,0.03065134099616858,0.025,"6.7076191875000000","16",-20.91754679886591,"118",0.184375,"274",0.428125
650333,"Arraez, Luis","997","0.89981949458483754513","941",63.19535944834502,"0.00300902708124373119",0.46546227417640806,0.43931795386158473,0.048884165781083955,0.04613841524573721,"5.9561446439317954","8",-16.658282811296505,"56",0.05616850551654965,"521",0.522567703109328